Id,Fecha,Hora,Evento,Ministerio,Ubicacion,Estado,Telefono,Dia_Secuencia,Fecha_Contacto,Resultado,Notas,Version_Mensaje
1,27/02/2026,11:42,Fritz almacen y minimarket. Quilicura,App Almacen,Quilicura,Finalizado,56939006214,2,02/03/2026 12:02,,,
2,27/02/2026,11:42,"Minimarket ""Donde La Nancy""",App Almacen,Quilicura,Finalizado,56999569675,2,02/03/2026 15:00,,,
3,27/02/2026,11:42,Almacen Millauquen,App Almacen,Quilicura,Finalizado,56992458252,2,28/02/2026 17:42,,,
4,27/02/2026,11:42,MiniMarket del Valle,App Almacen,Quilicura,Finalizado,56975810528,2,02/03/2026 17:53,,,
5,27/02/2026,11:42,Minimarket Lo Marcoleta,App Almacen,Quilicura,Finalizado,56986507302,2,02/03/2026 12:02,,,
6,27/02/2026,11:42,Almacen,App Almacen,Quilicura,Error,56226273940,0,27/02/2026 17:46,,,
7,27/02/2026,11:42,Minimarket Donde Alonso,App Almacen,Quilicura,Error,56966669999,0,28/02/2026 11:41,,,
8,27/02/2026,11:42,Almacen Minimarket Arens,App Almacen,Quilicura,Finalizado,56978029604,2,02/03/2026 15:00,,,
9,28/02/2026,14:37,Amasanderia Y Almacén Donde Margarita,App Almacen,La Florida,Error,56222628722,0,03/03/2026 12:08,,,
10,28/02/2026,14:37,Minimarket Los Martinez,App Almacen,La Florida,Error,56222870177,0,02/03/2026 17:53,,,
11,28/02/2026,14:37,Minimarket Alto La Florida,App Almacen,La Florida,Error,56222864275,0,28/02/2026 17:42,,,
12,28/02/2026,14:37,Minimarket El Chumbequito,App Almacen,La Florida,Agendado,56947041741,1,02/03/2026 12:02,,,
13,28/02/2026,14:37,Mini Mercado🛒 Oasis Plaza,App Almacen,La Florida,Finalizado,56991376573,2,04/03/2026 14:58,,,
14,28/02/2026,14:37,Minimarket Luna Market,App Almacen,La Florida,Finalizado,56935396140,2,04/03/2026 12:00,,,
15,28/02/2026,14:37,Minimarket Roo!!Market,App Almacen,La Florida,Finalizado,56997500995,2,02/03/2026 15:00,,,
16,03/03/2026,15:01,Mini Market FC,App Almacen,Estacion Central,Finalizado,56994781485,2,05/03/2026 17:54,,,
17,03/03/2026,15:01,Lider Alameda,App Almacen,Estacion Central,Error,566004009000,0,,,,
18,03/03/2026,15:01,Santa Isabel,App Almacen,Estacion Central,Error,566004006000,0,,,,
19,03/03/2026,15:01,Almacen Camila,App Almacen,Estacion Central,Error,56223243055,0,,,,
20,03/03/2026,15:01,Minimarket botilleria Amengual,App Almacen,Estacion Central,Finalizado,56968584948,2,05/03/2026 12:08,,,
21,03/03/2026,15:01,MiniMarket Los Medanos,App Almacen,Estacion Central,Finalizado,56936499908,2,06/03/2026 11:58,,,
22,03/03/2026,15:01,CRISOL Almacén y Botilleria,App Almacen,Estacion Central,Finalizado,56957351486,2,05/03/2026 17:54,,,
23,04/03/2026,17:50,Almacén M&M Maipú,App Almacen,Maipu,Finalizado,56945914617,2,06/03/2026 17:49,,,
24,04/03/2026,17:50,"Minimarket ""El típico Chileno""",App Almacen,Maipu,Finalizado,56958066801,2,06/03/2026 17:49,,,
25,04/03/2026,17:50,Kimba Market,App Almacen,Maipu,Finalizado,56920217282,2,06/03/2026 14:54,,,
26,04/03/2026,17:50,Minimarket y Botillería Paddock,App Almacen,Maipu,Finalizado,56996287564,2,07/03/2026 14:39,,,
27,04/03/2026,17:50,FLOIS Market LP,App Almacen,Maipu,Finalizado,56920481113,2,06/03/2026 17:49,,,
28,04/03/2026,17:50,LOS ISLEÑOS Minimarket,App Almacen,Maipu,Finalizado,56953389581,2,06/03/2026 14:54,,,
29,04/03/2026,17:50,Minimarket monita,App Almacen,Maipu,Finalizado,56995814341,2,07/03/2026 17:42,,,
30,04/03/2026,17:50,MINIMARKET DONDE TONEKE,App Almacen,Maipu,Finalizado,56930099449,2,07/03/2026 11:43,,,
31,04/03/2026,17:50,Almacén El Cielo,App Almacen,Maipu,Error,56223248510,0,06/03/2026 11:58,,,
32,09/03/2026,12:13,MINIMARKET,App Almacen,San Miguel,Finalizado,56957475536,2,11/03/2026 12:07,,,B
33,09/03/2026,12:13,Minimarket Los Vecinos,App Almacen,San Miguel,Error,56936495947,0,10/03/2026 12:12,,,
34,09/03/2026,12:13,Minimarket almacén El Kairos,App Almacen,San Miguel,Finalizado,56949565021,2,11/03/2026 12:07,,,A
35,09/03/2026,12:13,FRESHMARKET,App Almacen,San Miguel,Finalizado,56981387023,2,10/03/2026 17:50,,,B
36,09/03/2026,12:13,Minimarket San Ignacio,App Almacen,San Miguel,Finalizado,56959035050,2,12/03/2026 12:11,,,B
37,09/03/2026,12:13,Minimarket Simmental,App Almacen,San Miguel,Finalizado,56935901773,2,11/03/2026 15:05,,,B
38,09/03/2026,12:13,Minimarket Santa Margarita,App Almacen,San Miguel,Finalizado,56962284003,2,10/03/2026 17:50,,,A
39,09/03/2026,12:13,Minimarket Panadería Verdulería MEGA-MARKET,App Almacen,San Miguel,Finalizado,56956598718,2,10/03/2026 15:02,,,B
40,09/03/2026,12:13,Somos Good Minimarket & Coffee,App Almacen,San Miguel,Finalizado,56948872884,2,11/03/2026 15:05,,,B
41,09/03/2026,12:13,Minimarket Chinita,App Almacen,San Miguel,Error,56223121146,0,09/03/2026 15:02,,,
42,09/03/2026,12:13,+58 market,App Almacen,San Miguel,Finalizado,56931327318,2,11/03/2026 15:05,,,A
43,09/03/2026,12:13,MINIMARKET Y CONFITERIA,App Almacen,San Miguel,Error,56223551613,0,09/03/2026 17:52,,,
44,09/03/2026,12:13,Emporio Vitta,App Almacen,San Miguel,Error,56972678102,0,10/03/2026 15:02,,,
45,11/03/2026,17:51,Botilleria y minimarket JR,App Almacen,San Miguel,Finalizado,56940934865,2,13/03/2026 12:04,,,A
46,12/03/2026,15:04,Minimarket,App Almacen,Las Condes,Finalizado,56984672284,2,13/03/2026 12:04,,,A
47,12/03/2026,15:04,Minimarket Fénix,App Almacen,Las Condes,Finalizado,56998575894,2,13/03/2026 14:53,,,B
48,12/03/2026,15:04,"Alto Market, Las Condes",App Almacen,Las Condes,Error,56921689457,0,14/03/2026 11:48,,,
49,12/03/2026,15:04,Minimarket Campos,App Almacen,Las Condes,Error,56232809607,0,13/03/2026 17:54,,,
50,12/03/2026,15:04,MiniMarket Don Elias,App Almacen,Las Condes,Finalizado,56949285099,2,14/03/2026 11:48,,,B
51,12/03/2026,15:04,Minimarket Napoleón,App Almacen,Las Condes,Error,56222349546,0,13/03/2026 14:53,,,
52,12/03/2026,15:04,Minimarket J&R,App Almacen,Las Condes,Finalizado,56983804393,2,13/03/2026 17:54,,,B
53,12/03/2026,15:04,Minimercado La Esquina,App Almacen,Las Condes,Error,56978858124,0,13/03/2026 14:53,,,
54,12/03/2026,15:04,Almacen Nini,App Almacen,Las Condes,Error,56229184735,0,14/03/2026 14:45,,,
55,12/03/2026,15:04,Mercadito del campo,App Almacen,Las Condes,Error,56975140370,0,13/03/2026 17:54,,,
56,12/03/2026,15:04,"Minimarket - Almacén - Bazar ""EL PORVENIR""",App Almacen,Las Condes,Error,56225036944,0,14/03/2026 11:48,,,
57,16/03/2026,12:33,Unimarc,App Almacen,Las Condes,Error,566006000025,0,16/03/2026 15:10,,,
58,16/03/2026,12:33,Minimarket,App Almacen,Las Condes,Error,56222291993,0,16/03/2026 17:59,,,
59,16/03/2026,12:33,Supermercado Santa Isabel,App Almacen,Las Condes,Error,566004002000,0,16/03/2026 17:59,,,
60,16/03/2026,12:33,Amasanderia y verdulería Lionel,App Almacen,Las Condes,Error,56961215295,0,16/03/2026 15:10,,,
61,16/03/2026,12:33,Jumbo,App Almacen,Las Condes,Error,566004003000,0,16/03/2026 15:10,,,
62,17/03/2026,12:19,Supermercado Diez,App Almacen,Providencia,Error,56223509800,0,17/03/2026 17:59,,,
63,17/03/2026,12:19,Mi Market Hernando de Aguirre,App Almacen,Providencia,Error,56224709891,0,17/03/2026 17:59,,,
64,17/03/2026,12:19,Minimarket Rigoletto,App Almacen,Providencia,Error,56222362697,0,17/03/2026 15:09,,,
65,17/03/2026,12:19,Mi Market Eliodoro Yañez,App Almacen,Providencia,Error,56232247421,0,17/03/2026 15:09,,,
66,17/03/2026,12:19,Mi Market Pedro de Valdivia,App Almacen,Providencia,Error,56232247422,0,17/03/2026 15:09,,,
67,17/03/2026,12:19,Minimarket Supermercadito,App Almacen,Providencia,Error,56920421569,0,17/03/2026 17:59,,,
68,19/03/2026,12:08,Almacen minimarket los peumos,App Almacen,El Bosque,Error,56968348154,0,19/03/2026 14:45,,,
69,19/03/2026,12:08,Minimarket Los Rodríguez,App Almacen,El Bosque,Error,56978714477,0,19/03/2026 14:45,,,
70,19/03/2026,12:08,Minimarket Benja,App Almacen,El Bosque,Error,56991355312,0,19/03/2026 14:45,,,
71,19/03/2026,12:08,Minimarket Divinas,App Almacen,El Bosque,Error,56976042080,0,19/03/2026 15:04,,,
72,19/03/2026,12:08,Minimarket alison,App Almacen,El Bosque,Error,56987731313,0,19/03/2026 15:04,,,
73,19/03/2026,12:08,Minimarket Panchita,App Almacen,El Bosque,Error,56942123606,0,19/03/2026 15:04,,,
74,19/03/2026,17:57,Minimarket AntuCayen,App Almacen,San Bernardo,Error,56990000064,0,20/03/2026 12:04,,,
75,19/03/2026,17:57,Mikromarket la cajita,App Almacen,San Bernardo,Error,56939483635,0,20/03/2026 17:51,,,
76,19/03/2026,17:57,Minimarket Supermercado Almacen La Kabala,App Almacen,San Bernardo,Error,56957333486,0,21/03/2026 11:46,,,
77,19/03/2026,17:57,Constanza Minimarket,App Almacen,San Bernardo,Error,56944536279,0,20/03/2026 14:54,,,
78,19/03/2026,17:57,Almacen,App Almacen,San Bernardo,Error,56959870015,0,20/03/2026 12:04,,,
79,19/03/2026,17:57,Almacén La Palomita,App Almacen,San Bernardo,Error,56989382359,0,20/03/2026 14:54,,,
80,19/03/2026,17:57,Almacén Irma,App Almacen,San Bernardo,Error,56951333716,0,20/03/2026 17:51,,,
81,19/03/2026,17:57,Supermercado Tottus San Bernardo Estación,App Almacen,San Bernardo,Error,566003292002,0,20/03/2026 14:54,,,
82,19/03/2026,17:57,Minimarket El Pino,App Almacen,San Bernardo,Error,56971735732,0,20/03/2026 12:04,,,
83,19/03/2026,17:57,SUPERMERCADO ANDRADE,App Almacen,San Bernardo,Error,56228593711,0,20/03/2026 17:51,,,
84,19/03/2026,17:57,"Minimarket y bazar ""VALENTINA""",App Almacen,San Bernardo,Error,56944447861,0,19/03/2026 17:57,,,
85,19/03/2026,17:57,"Comercial Castro S.A. | Colón, San Bernardo",App Almacen,San Bernardo,Error,56228790803,0,19/03/2026 17:57,,,
86,19/03/2026,17:57,Minimarket Macrife,App Almacen,San Bernardo,Error,56987170466,0,19/03/2026 17:57,,,
87,21/03/2026,14:44,Campomarket,App Almacen,Las Condes,Error,56222120010,0,21/03/2026 14:44,,,
88,21/03/2026,17:44,Almacen,App Almacen,San Bernardo,Error,56225178472,0,21/03/2026 17:44,,,
89,21/03/2026,17:44,Chetumarket Supermercado,App Almacen,San Bernardo,Error,56998809068,0,21/03/2026 17:44,,,
90,23/03/2026,12:16,Fono Mercado Doal,App Almacen,Las Condes,Error,56982596470,0,23/03/2026 12:16,,,
91,23/03/2026,12:16,verdulería y minimarket,App Almacen,Las Condes,Error,56971872991,0,23/03/2026 12:16,,,
92,24/03/2026,12:36,Minimarket Alto Market,App Almacen,La Florida,Error,56920921256,0,24/03/2026 12:36,,,
93,24/03/2026,12:36,Minimarket EL NONO,App Almacen,La Florida,Error,56975967727,0,24/03/2026 12:36,,,
94,24/03/2026,12:36,Esquina El Parque,App Almacen,La Florida,Error,56982068205,0,24/03/2026 12:36,,,
95,24/03/2026,17:59,Su Almacén,App Almacen,La Florida,Error,56972592379,0,24/03/2026 17:59,,,
96,24/03/2026,17:59,Los paisanos (minimarket),App Almacen,La Florida,Error,56945550601,0,24/03/2026 17:59,,,
97,25/03/2026,12:38,Minimarket El Remolino,App Almacen,El Bosque,Error,56956299837,0,25/03/2026 12:38,,,
98,26/03/2026,15:11,Minimarket Fabián,App Almacen,El Bosque,Error,56951725069,0,26/03/2026 15:11,,,
99,27/03/2026,15:06,Groovy,App Almacen,Providencia,Error,56937074689,0,27/03/2026 15:06,,,
100,27/03/2026,15:06,La Cabaña,App Almacen,Providencia,Error,56222055229,0,27/03/2026 15:06,,,
101,27/03/2026,15:06,Minimarket El Parque,App Almacen,Providencia,Error,56967964702,0,27/03/2026 15:06,,,
102,28/03/2026,11:52,Minimarket La Bodeguita del Medio,App Almacen,El Bosque,Error,56994696208,0,28/03/2026 11:52,,,
103,31/03/2026,17:58,Minimayorista,App Almacen,La Florida,Error,56920387991,0,31/03/2026 17:58,,,
104,31/03/2026,17:58,"""Almacenes Patricia""",App Almacen,La Florida,Error,56978464615,0,31/03/2026 17:58,,,
105,01/04/2026,12:44,Minimarket Sebastian,App Almacen,San Bernardo,Error,56976461469,0,01/04/2026 12:44,,,
106,04/04/2026,11:53,Mercar Minimarket,App Almacen,Las Condes,Error,56966778760,0,04/04/2026 11:53,,,
107,10/04/2026,16:57,Minimarket Jireh,App Almacen,El Bosque,Error,56962972283,0,10/04/2026 16:57,,,
108,10/04/2026,16:57,Minimarket La Macarena,App Almacen,El Bosque,Error,56225298788,0,10/04/2026 16:57,,,
109,10/04/2026,19:53,Mi Market Marco Polo,App Almacen,Las Condes,Error,56931946772,0,10/04/2026 19:53,,,
110,11/04/2026,16:52,Minimarket del Sur,App Almacen,La Florida,Error,56223142896,0,11/04/2026 16:52,,,
111,14/04/2026,14:18,Minimarket El Gueñe,App Almacen,La Florida,Error,56225640900,0,14/04/2026 14:18,,,
112,23/09/2026,13:35,Minimarket Condell,App Almacen,La Florida,Contactado,56933124201,1,23/09/2026 13:35,,,B
113,23/09/2026,13:35,MINIMARKET f&c,App Almacen,La Florida,Contactado,56979610021,1,23/09/2026 13:35,,,A
114,23/09/2026,13:35,Minimarket El Gueñe,App Almacen,La Florida,Contactado,56976226879,1,23/09/2026 13:35,,,A
115,23/09/2026,14:00,Las Pipas de Einstein,App Almacen,Independencia,Rechazado,56934566003,0,,,Descartado: rubro no corresponde (no es almacén),
116,23/09/2026,14:00,Guardatodo Minibodegas,App Almacen,Independencia,Rechazado,56956726911,0,,,Descartado: rubro no corresponde (no es almacén),
117,23/09/2026,14:00,M3storage Independencia | Bodegas y Minibodegas,App Almacen,Independencia,Rechazado,56986174925,0,,,Descartado: rubro no corresponde (no es almacén),
118,23/09/2026,14:00,TIENDA SUCURSAL - COMERCIAL MICHEL NEIME SPA,App Almacen,Independencia,Rechazado,56981297503,0,,,Descartado: rubro no corresponde (no es almacén),
119,23/09/2026,14:00,Comercializadora Telas Genesis Limitada,App Almacen,Independencia,Rechazado,56999159911,0,,,Descartado: rubro no corresponde (no es almacén),
120,23/09/2026,14:00,COMERCIAL TATAN,App Almacen,Independencia,Rechazado,56956754922,0,,,Descartado: rubro no corresponde (no es almacén),
121,23/09/2026,14:00,Cannon Home Outlet - Mall Barrio Independencia,App Almacen,Independencia,Rechazado,56959855152,1,23/09/2026 14:00,,Descartado: rubro no corresponde (no es almacén),A
122,23/09/2026,14:00,Cordonería Chike Spa,App Almacen,Independencia,Rechazado,56953660339,0,,,Descartado: rubro no corresponde (no es almacén),
123,23/09/2026,14:00,Ropa Americana El Dockers,App Almacen,Independencia,Rechazado,56996602088,0,,,Descartado: rubro no corresponde (no es almacén),
124,23/09/2026,14:00,Mercado Gastronomico Punto Chef,App Almacen,Independencia,Rechazado,56976004569,1,23/09/2026 14:00,,Descartado: rubro no corresponde (no es almacén),A
125,23/09/2026,14:00,CYHSTORE.CL,App Almacen,Independencia,Rechazado,56986635616,0,,,Descartado: rubro no corresponde (no es almacén),
126,23/09/2026,14:00,DECOTELAS,App Almacen,Independencia,Rechazado,56972587978,0,,,Descartado: rubro no corresponde (no es almacén),
127,23/09/2026,14:00,TENFRIO SpA,App Almacen,Independencia,Rechazado,56991500000,0,,,Descartado: rubro no corresponde (no es almacén),
128,23/09/2026,14:00,HomeTextile,App Almacen,Independencia,Rechazado,56995165348,0,,,Descartado: rubro no corresponde (no es almacén),
129,23/09/2026,14:00,Cristaleria La Paz,App Almacen,Independencia,Rechazado,56983017790,0,,,Descartado: rubro no corresponde (no es almacén),
130,23/09/2026,14:00,CIC B Independencia,App Almacen,Independencia,Rechazado,56992261501,0,,,Descartado: rubro no corresponde (no es almacén),
131,23/09/2026,14:00,Cortinas Cheito,App Almacen,Independencia,Rechazado,56989293397,0,,,Descartado: rubro no corresponde (no es almacén),
132,23/09/2026,14:00,Equipate Chile Spa,App Almacen,Independencia,Rechazado,56940896375,0,,,Descartado: rubro no corresponde (no es almacén),
133,23/09/2026,14:00,EmpresasCTM,App Almacen,Independencia,Rechazado,56954614117,0,,,Descartado: rubro no corresponde (no es almacén),
134,23/09/2026,14:00,Albornoz y Lama,App Almacen,Independencia,Rechazado,56987759597,1,23/09/2026 14:00,,Descartado: rubro no corresponde (no es almacén),A
135,23/09/2026,14:00,jFraile Insumos para la Confección de Ropa Interior,App Almacen,Independencia,Rechazado,56993430121,0,,,Descartado: rubro no corresponde (no es almacén),
136,23/09/2026,14:51,Botillería El Oasis,App Almacen,Santiago Centro,Nuevo,56944057593,0,,,,
137,23/09/2026,14:51,Botilleria Moscu Mac iver,App Almacen,Santiago Centro,Nuevo,56941744611,0,,,,
138,23/09/2026,14:51,Botilleria Licoreria Nacional,App Almacen,Santiago Centro,Contactado,56999522064,1,23/09/2026 14:51,,,A
139,23/09/2026,14:51,Botilleria Tu Punto Fijo Concha,App Almacen,Santiago Centro,Contactado,56972579312,1,23/09/2026 14:51,,,B
140,23/09/2026,14:51,Botilleria ryuu,App Almacen,Santiago Centro,Nuevo,56940474854,0,,,,
141,23/09/2026,14:51,"Botillería ""Don Jacinto""",App Almacen,Santiago Centro,Nuevo,56962467370,0,,,,
142,23/09/2026,14:51,Botilleria Don Gato,App Almacen,Santiago Centro,Contactado,56997772625,1,23/09/2026 14:51,,,B
143,23/09/2026,14:51,Botilleria Basty,App Almacen,Santiago Centro,Nuevo,56962277139,0,,,,
